source,title,text,score,num_comments,created_date,search_term,url
r/gmail,How to organize emails to/from a singular address,"Hey everyone. My main email is being tied to a group address. I‚Äôd like to create a label/category/inbox that only has emails to/from that specific address. I‚Äôve been searching for the solution, but I can‚Äôt figure it out. Thanks for your help. ",1,2,3/7/2025 23:45,organization,https://reddit.com/r/GMail/comments/1j616rb/how_to_organize_emails_tofrom_a_singular_address/
r/gmail,Gmail organization: Would automatic categorization of every email helpü§î?,"Organizing my Gmail is tiresome and the built-in filters don't do enough for my needs.

I‚Äôve mocked up a landing page for a Gmail extension that automatically sorts emails into clean folders/categories without deleting anything, going beyond Gmail's standard filters.

I'd genuinely appreciate your opinion: Does this automation address a meaningful pain point for Gmail users? Or are manual methods sufficient for you?

[decluttered.ai](https://www.decluttered.ai)

Thanks for your honest feedback!",1,0,3/27/2025 22:56,organization,https://reddit.com/r/GMail/comments/1jldgh7/gmail_organization_would_automatic_categorization/
r/gmail,Tired of a cluttered inbox? I made a fun little browser extension to help nudge me to take care of those old emails.,"Ever ignored an email for *too* long?  Well, now it'll come back to haunt you (kind of). I made a tiny browser extension called Stinky Mail little adds little fruit flies to your neglected emails. The longer you ignore them, the *more* flies show up! ü™∞ 

Maybe this can be useful to someone out there.

[https://rafaelgandi.notion.site/Stinky-Mail-130879c36ad6802fb218d2a385292239](https://rafaelgandi.notion.site/Stinky-Mail-130879c36ad6802fb218d2a385292239)  
",2,0,11/8/2024 3:31,cluttered,https://reddit.com/r/GMail/comments/1gm6zb4/tired_of_a_cluttered_inbox_i_made_a_fun_little/
r/gmail,"How To Get Emails To Automatically Move Out Of ""INBOX"" Into The Labels I Made?","I am trying to clean up and organize my Gmail account as the inbox has over 800+ emails; most just advertisements for Uber eats and stuff, but I'm also job hunting so I want to see their responses quickly.

I started adding Labels, and labeling and trying to filter emails into those labels so they aren't cluttering my inbox.

It worked for some of the emails, but others will show the new label, but won't filter into the new label out of my inbox. I'm not sure why that is, or why it isn't working.",0,3,8/12/2025 1:30,cluttered,https://reddit.com/r/GMail/comments/1mnrd9y/how_to_get_emails_to_automatically_move_out_of/
r/gmail,Too many emails and difficult to spot the important ones...,"I get a lot of emails every day that contain spam.
So I spend a lot of time organizing my inbox and finding important emails that need replies.

So I created a Gmail add-on called [Supabox](https://supaboxai.com?ref=reddit_gmail).

Supabox uses AI to automatically tag emails to help you spot the most important ones at a glance.

Supabox now does the following for you:
- Automatically categorize your emails: you can recognize important emails at a glance.
- Automatically generate drafts of reply emails: when you open your inbox, a draft is already generated and all you have to do is make a few tweaks and send it.

We already have 90 users. 4 of them are paying users.

Try it for free for two weeks. No credit card is required.
Let us know what you think.
[Supabox - A Gmail add-on for Founders to stay on top of the inbox](https://supaboxai.com?ref=reddit_gmail)

Here is a quick demo: [Supabox - Supa quick demo](https://youtu.be/R9u4Qmgf2AQ?si=OttRVsu_iAysSJou)",2,2,10/18/2023 1:00,too many emails,https://reddit.com/r/GMail/comments/17aa07o/too_many_emails_and_difficult_to_spot_the/
r/gmail,Too Many Emails (Mass Unsubscribe?),I receive about 100 emails a day. Is there a way to mass unsubscribe to these emails?,2,1,11/24/2021 19:18,too many emails,https://reddit.com/r/GMail/comments/r1a5o1/too_many_emails_mass_unsubscribe/
r/gmail,Inbox Management,"Hello all!

How can I make it that if I receive an email from a certain person, it will automatically be sent to a label and not in the main inbox? ",0,3,3/9/2024 11:58,inbox management,https://reddit.com/r/GMail/comments/1baebna/inbox_management/
r/gmail,Is there an app to manage emails using a Kanban board?,"Device: Desktop browser

Is there a privacy friendly app to manage emails as kanban board? I want to be able to create swim lanes for my emails.",3,2,4/11/2024 3:01,email management,https://reddit.com/r/GMail/comments/1c10q7f/is_there_an_app_to_manage_emails_using_a_kanban/
r/gmail,Yahoo email management inside Gmail: Do I risk a double import of email?,"Hi,  
I recently used the 'Import mail and contacts' option in Gmail to import a ton of old emails, contacts, folders from a Yahoo email account. I now want to make it so that I can 'Reply from the same address the message was sent to' so I'll obviously use the 'Check mail from other accounts' option in Gmail and then make sure 'Reply from the same address the message was sent to' is selected.

My question is: When I do the above am I going to end up with duplicate emails, etc.? In other words will the above import old emails again? 

Also, I assume before I do the above, that I should unlink the yahoo email from the 'Import mail and contacts:' section in Gmail because it will continue to import new mails for the next month?

Any guidance would be appreciated otherwise I will just have to trial and probably error this in order to figure this out.

Thank you.",1,6,5/19/2023 10:55,email management,https://reddit.com/r/GMail/comments/13loq6k/yahoo_email_management_inside_gmail_do_i_risk_a/
r/gmail,[Help] Email Management Software for Multiple People,"Hello everyone, I'm a part of our student government at my university. Several of us share the same Gmail account for the student government. 

&amp;#x200B;

That Gmail gets partnerships, collaborations, and student concerns. The latter is full of concerns that need to be private and need to know basis only. 

The result of this is that we've limited access to who goes to this email address. This poses a problem as it makes work for others increasingly more difficult. 

&amp;#x200B;

I wanted to post this to ask if some form of management software exists that multiple people have access to this email but we can limit access to what people can see in the inbox. or any other form of management.",1,1,9/23/2021 17:00,email management,https://reddit.com/r/GMail/comments/ptvwlh/help_email_management_software_for_multiple_people/
r/gmail,Tackling Email Overload: Strategies for Enhanced Productivity,"In the fast-paced digital landscape, email overload is a common challenge that can hinder productivity and contribute to stress. Whether you're dealing with work-related correspondence, personal messages, or a combination of both, these strategies will empower you to tackle email overload and enhance your overall productivity.

**1. Declutter Your Inbox:**

* ***Issue***: Inbox overflowing with emails.
* ***Solution***: Start by decluttering your inbox. Categorize your emails using labels for easy identification. Archive or delete irrelevant emails to keep your inbox organized.

**2. Set Email Filters:**

* ***Issue***: Difficulty in prioritizing important emails.
* ***Solution***: Take advantage of email filters to automatically sort incoming emails into relevant labels. This way, you can focus on crucial messages without being distracted by the noise of less important ones.

**3. Unsubscribe Wisely:**

* ***Issue***: Too many newsletters and promotional emails.
* ***Solution***: Unsubscribe from newsletters and promotional emails that don't add value. Keep your subscriptions to a minimum and only receive updates that genuinely interest you.

**4. Schedule Dedicated Email Time:**

* ***Issue***: Constant interruptions from incoming emails.
* ***Solution***: Set specific times during the day to check and respond to emails. Avoid constantly refreshing your inbox, allowing you to concentrate on other tasks without being interrupted by the constant ping of incoming messages.

**5. Use Email Templates:**

* ***Issue***: Spending too much time composing similar emails.
* ***Solution***: Create email templates for common responses or inquiries. This can save you time and ensure consistency in your communication.

**6. Prioritize and Flag Emails:**

* ***Issue***: Difficulty in prioritizing tasks within the inbox.
* ***Solution***: Flag or mark important emails for follow-up. Prioritize tasks by creating a to-do list within your email client, making it easier to stay organized and focused.

**7. Implement the Two-Minute Rule:**

* ***Issue***: Procrastination on quick, actionable emails.
* ***Solution***: Adhere to the two-minute rule ‚Äì if an email can be addressed within two minutes, do it immediately. This prevents a backlog of small tasks from accumulating.

**8. Unplug from Email Occasionally:**

* ***Issue***: Feeling overwhelmed by a constant influx of messages.
* ***Solution***: Schedule periods where you intentionally disconnect from your email. This could be during deep work sessions or when you need uninterrupted focus. Let colleagues know when you'll be unavailable to manage expectations.

**9. Use Email Productivity Tools:**

* ***Issue***: Inefficient email management.
* ***Solution***: Explore productivity tools designed to enhance your email experience. Tools like Boomerang, SaneBox, or Unroll.Me can help automate tasks, declutter your inbox, and improve overall efficiency.

**10. Regularly Review and Update Email Practices:**

* ***Issue***: Sticking to outdated email habits.
* ***Solution***: Regularly review your email management practices. As technology evolves, so should your strategies. Stay informed about new features in your email client and adjust your approach accordingly.

By incorporating these email management strategies into your routine, you'll be better equipped to navigate the digital deluge and maintain a productive workflow. Remember, mastering email overload is an ongoing process, so be patient and persistent. Feel free to reach out if you have any questions or need further assistance on your journey to a more organized digital life!

Happy emailing!",1,3,11/23/2023 20:55,overwhelmed,https://reddit.com/r/GMail/comments/182888u/tackling_email_overload_strategies_for_enhanced/
r/gmail,The best email productivity tool for Gmail?,"I am looking for something that offers:

Email/click tracking

Snooze (that can be customized)

Reminders (if no response by...)

Sequences

For up to $10/month. Suggestions? ü§î",1,3,6/21/2020 14:27,productivity,https://reddit.com/r/GMail/comments/hd5fsf/the_best_email_productivity_tool_for_gmail/
r/gmail,Search operator to find emails sent in confidential mode?,"Does anyone know if this search operator exists? Something along the lines of is:confidential. The text in the footer that explains ""Content is expired"" doesn't seem to be searchable. Thanks.",1,0,5/15/2025 20:16,search emails,https://reddit.com/r/GMail/comments/1kndqwu/search_operator_to_find_emails_sent_in/
r/gmail,"Emails not showing in inbox, only when I search ","Hey everyone, 

This is happening with a few random people, unfortunately some are clients. 

Their emails don't come through to my inbox but when I search their name, there it is: an unread email. 

It also doesn't happen consistently. Sometimes they come through, sometimes they don't.

E.g. 

1. Today I emailed Claire at 18.04
2. Claire replied at 18.40 saying that she had just forwarded an email she sent yesterday
3. When I search 'Claire' I can see all the above emails, but in my inbox I can only see the 18.40 reply. 

I AM GOING BONKERS OVER THIS. Can anyone please help!?

Thank you in advance!",2,4,1/9/2025 21:10,search emails,https://reddit.com/r/GMail/comments/1hxkiis/emails_not_showing_in_inbox_only_when_i_search/
r/productivity,Best tools for getting rid of email clutter?,"Hey everyone! I hope everyone had a good Christmas and is having a happy new year!

I returned to work yesterday to a MOUNTAIN of emails that I missed in the week I was gone. I work in a marketing role for a remote company. I'm looking for solutions to help me manage this clutter I have let accumulate in my Gmail inbox. Here's what I have looked into:

\- Front (seems to be for teams?)

\- Gmelius (combines multiple tools?)

\- Text Blaze (focus on automation, not sure if I want to take that route)

\- Boomerang for Gmail (more about calendar integration, I feel like my calendars are fine how they are)

\- Spark (multiple accounts? not needed)

Please recommend any good email management tools. I'm basically looking for one that isn't complicated and just helps me organize everything already in Gmail. Thanks in advance!",3,6,12/28/2022 15:38,email cluttered,https://reddit.com/r/productivity/comments/zx9std/best_tools_for_getting_rid_of_email_clutter/
r/productivity,App to detect and organize emails,"I work as an account and help clients connect to factories by making sure the orders placed are throughout the whole process. This is a hectic environment with many emails and phone calls exchanged. I constantly have to interrupt what I'm doing with situations popping up here and there. And sometimes orders change slightly or get extras.

It's very hard for me to keep track of everything, I do my best to create spreadsheets but struggle to update them due to the volume of work.

I was wondering if there's a Sofware where an AI helps you, like an assistant to see if you had any changes on x email, or reminds you what was that email about and advising to file this under a specific folder. 

I don't know if this makes sense and I know the best solution would be to have a smaller volume of work. Unfortunately, that is not an option to fix the problem. 

Does anyone know something that would help track and organize emails? Boost if we could connect these to spreadsheets, avoiding the manual work fo answering, tagging, and filling.",4,1,9/12/2022 1:28,email organization,https://reddit.com/r/productivity/comments/xbvras/app_to_detect_and_organize_emails/
r/productivity,Email Organization - How To Organize Your Inbox,,9,8,11/12/2017 3:06,email organization,https://reddit.com/r/productivity/comments/7ccd9e/email_organization_how_to_organize_your_inbox/
r/productivity,Email Organization by Prioritizing,,10,1,8/2/2019 23:12,email organization,https://reddit.com/r/productivity/comments/cl99gn/email_organization_by_prioritizing/
r/productivity,Tips for Organizing Gmail,"I spent almost ten years learning Outlook inside and out to help keep myself organized, now I just found myself in a job that uses Gmail.  The feature I‚Äôm missing the most is the ability to categorize emails without removing them from my inbox, so I know that they still need to be addressed without them obscuring the emails I haven‚Äôt even read and categorized yet.

Anyone have some best practices for how to organize Gmail?",13,20,9/26/2023 21:48,gmail organization,https://reddit.com/r/productivity/comments/16swb9m/tips_for_organizing_gmail/
r/productivity,What is the best way to organize Gmail with filters?,"Hi guys, 

I'm trying to organize Gmail with filters and I know it's a very common topic, but when I googled how to actually create filters for Gmail I found out that it is extremely inconvenient to do so. 

Basically, you have to create a filter by search query, but this is actually not very easy because

1. The mails you received will NOT show on the search result. Only the addresses you sent a mail before will show up. You basically have to memorize the whole email. 
2. You can't easily append to an existing filter. Say you read an email and created a filter right away. You move on to the next email and if you want to add that sender to the same filter, you would have to go to the filter edit page and manually add the sender. 

&amp;#x200B;

This is beyond frustration. I have no idea how such a big mail client like Gmail is still very ancient. 

I wasn't satisfied with Outlook's organizing experience but compared to this, Outlook feels like a future technology. 

How are you guys dealing with this? I'm almost convinced to make my own Python script to create filters using Gmail API but that's something I really want to avoid if there are some better solutions.",1,1,4/15/2021 22:20,gmail organization,https://reddit.com/r/productivity/comments/mrlyki/what_is_the_best_way_to_organize_gmail_with/
r/productivity,Inbox management,Hi all! I really struggle to keep my email inboxes organized. My work one in particular is in outlook and I can‚Äôt seem to get a good handle on any process for keeping up. Does anyone care to share their strategies for keeping outlook inboxes organized? My gmail is also a disaster but I‚Äôll save that question for another day.,3,4,4/13/2024 21:51,gmail organization,https://reddit.com/r/productivity/comments/1c393d0/inbox_management/
r/productivity,Tips for cutting down on needless email volume?,"Does anyone have any pointers for dealing with a high volume of emails, most of which are annoying/useless?

I‚Äôve been getting my organization around important items much more in shape, but my email inbox has been one area where I‚Äôm on shakier ground.

I‚Äôve personally decided I want to do an inbox zero approach because it really jives with my work volume and overall approach.

But one hurdle of either inbox zero or really any approach is I have a ton of crap mail I get every day.  Mixed in with juuuust enough relevant mail that makes a simple rules-based approach problematic.  Every once in a while there‚Äôs something somewhat important in that promotions tab in my Gmail.  That sort of thing.

I figure no matter what it‚Äôs going to take some decent amount of active effort to fix, but I‚Äôm happy to.  I just don‚Äôt know what the best tactics are here.  Set aside some time every day to unsubscribe? Something else?

For more context, I have 8 inboxes I deal with spread across personal and a variety of work accounts.  I‚Äôve pulled them all into Spark Mail, which has worked very well for me.  But I‚Äôm absolutely taking too much time day in and out reviewing crap emails to make sure they‚Äôre not important when I just want them gone.

So any tips are welcome!",6,4,10/16/2023 1:23,gmail organization,https://reddit.com/r/productivity/comments/178qt92/tips_for_cutting_down_on_needless_email_volume/
r/productivity,"Some excellent productivity tools, including one that solves problem of your contacts' cluttered inboxes",,1,3,4/4/2014 16:01,inbox cluttered,https://reddit.com/r/productivity/comments/226r2w/some_excellent_productivity_tools_including_one/
r/productivity,Too many emails to use productivity tricks,"Hi there, I need advice about email. 

My problem is that I receive so many emails I can't turn off, that sorting and archiving them takes too much time even with shortcuts (I use Gmail). I send a payment - I receive a push notification and an email. My son installs a new game on his phone - I receive a push notification and an email. I order something on the internet - I receive an email, a push notification, and an SMS with order confirmation. That drives me crazy. Smart filtering in Gmail doesn't work well, and creating filters manually is a pain, because you have to go through the full flow each time (instead of having a button like 'add this rule to this sender').

Any tips?",3,8,8/10/2021 14:45,too many emails,https://reddit.com/r/productivity/comments/p1niyo/too_many_emails_to_use_productivity_tricks/
r/productivity,"Too many emails, not enough time? Try these 3 game-changing tools","Doing your actual work plus dealing with all your emails feel like two full-time jobs? I know the drill.

I have compiled tools that will dramatically improve your daily life.

&amp;#x200B;

1 ‚Äì Calendly

Tired of the back and forth of 10 emails to find a shared availability to book a meeting with someone?

Calendly allows you to send your availability as a link to a webpage where your interlocutors can directly book a meeting.

&amp;#x200B;

2 ‚Äì Unroll . me

Subscribing to a newsletter feels great, right? Then, it joins all the other decorative emails in your inbox that you never find time to read.

Unroll . me lets you unsubscribe from all your newsletters: enter your email, Unroll.me detects the newsletters, and unsubscribes you in 1-click.

&amp;#x200B;

3 ‚Äì [Freed.app](https://Freed.app) 

You wanted to send this one email. But when you opened your inbox, the waiting emails got the best of you. So you start reading/answering them, although you need to work on that important project.

Freed hides your waiting emails when you open Gmail. Now you can focus on sending this single email and closing Gmail. When you'll decide to read waiting emails, it will be on YOUR TERMS.",5,2,5/3/2021 12:01,too many emails,https://reddit.com/r/productivity/comments/n3rlit/too_many_emails_not_enough_time_try_these_3/
r/productivity,[UPDATE] 3 Months After My ‚ÄúOverwhelmed by Emails‚Äù Post ‚Äì What Actually Helped,"Hey folks,

A few months ago, I posted here, asking about your inbox numbers. I had a hundred unread emails and no system‚Ä¶ constantly feeling behind.

I just wanted to come back with an update and say **thanks**. The advice you all shared genuinely helped. Not in a magical like zero inbox in 24 hours





# A few things that stuck with me:

* **If it takes under 2 mins, deal with it immediately.** This helped cut down so much back-and-forth.  
* **Start deleting by sender.** Someone said to find repeat senders, unsubscribe, and delete them all in one go. I started doing this while bored, and it cleared thousands of emails.  
* **Snooze stuff realistically.** I used to leave emails I couldn‚Äôt handle right away just sitting there, making me anxious. Now I snooze them to a day I can actually deal with them. Weirdly freeing.  
* **Unsubscribing as a side hobby.** I know it sounds dumb, but now I unsubscribe from junk while I‚Äôm waiting in line or whatever. It adds up.  

And someone mentioned that they set up folders or labels based on senders or keywords. I haven‚Äôt gone that far yet, but I might.

The thing is‚Ä¶ sorting my inbox wasn‚Äôt just about email. It got me thinking about how *everyone* is buried in this same mess, especially people trying to run a business or do creative work.

Long story short: I ended up going deep into this problem and started building a small product around it. Still super early, but it‚Äôs growing. It‚Äôs a simple add-on for email inboxes for people who want to spend less time drowning in emails and more time doing the actual work that matters.

If you're into this stuff or still wrestling with inbox chaos, send me a dm.

Hey folks,

A few months ago, I posted here, asking about your inbox numbers. I had a hundred unread emails and no system‚Ä¶ constantly feeling behind.

I just wanted to come back with an update and say **thanks**. The advice you all shared genuinely helped. Not in a magical like zero inbox in 24 hours





# A few things that stuck with me:

* **If it takes under 2 mins, deal with it immediately.** This helped cut down so much back-and-forth.  
* **Start deleting by sender.** Someone said to find repeat senders, unsubscribe, and delete them all in one go. I started doing this while bored, and it cleared thousands of emails.  
* **Snooze stuff realistically.** I used to leave emails I couldn‚Äôt handle right away just sitting there, making me anxious. Now I snooze them to a day I can actually deal with them. Weirdly freeing.  
* **Unsubscribing as a side hobby.** I know it sounds dumb, but now I unsubscribe from junk while I‚Äôm waiting in line or whatever. It adds up.  

And someone mentioned that they set up folders or labels based on senders or keywords. I haven‚Äôt gone that far yet, but I might.

The thing is‚Ä¶ sorting my inbox wasn‚Äôt just about email. It got me thinking about how *everyone* is buried in this same mess, especially people trying to run a business or do creative work.

Long story short: I ended up going deep into this problem and started building a small product around it. Still super early, but it‚Äôs growing. It‚Äôs a simple add-on for email inboxes for people who want to spend less time drowning in emails and more time doing the actual work that matters.

If you're into this stuff or still wrestling with inbox chaos, send me a dm.",0,2,4/24/2025 0:24,email overwhelmed,https://reddit.com/r/productivity/comments/1k6auoz/update_3_months_after_my_overwhelmed_by_emails/
r/productivity,Video tutorial for how to manage email inbox overwhelm. Also discussed is batch processing to increase productivity.,,1,0,6/3/2014 19:02,email overwhelmed,https://reddit.com/r/productivity/comments/277lca/video_tutorial_for_how_to_manage_email_inbox/
r/productivity,Spending more time avoiding emails than actually reading them,"anyone else procrastinate opening their inbox because they know it's chaos in there? i‚Äôll check social media for an hour instead of dealing with 50 unread emails. I spend more mental energy on ignoring my inbox than I would spend on handling it, but the sight of numerous notifications makes me want to turn off my laptop and pretend that it does not exist.
There is always a huge amount of promotional emails mixed with my client work, and I am always worried that I will miss something important. My brain seems to have decided that it is better to ignore the problem rather than to face it but this only makes the anxiety worse.
The majority of these emails are probably junk but I do not know without opening each one. I have been thinking about using inbox zapper or clean email but even looking for these solutions is overwhelming. I am feeling like I am sinking in the digital noise while I am supposed to be working.",8,4,8/24/2025 12:30,email overwhelmed,https://reddit.com/r/productivity/comments/1myr511/spending_more_time_avoiding_emails_than_actually/
r/productivity,"Looking for a true all-in-one productivity app: email, to-dos, notes, and calendar?","Hey everyone,  
I'm on the hunt for a real all-in-one productivity app that includes:

* Email (not just integrations, but actual email management)
* To-do / task management
* Notes (ideally rich text, not just checklists)
* Calendar (preferably with Google or Outlook sync)

I've tried using separate tools (e.g. Gmail + Todoist + Notion + Google Calendar), but I'm tired of switching between apps and losing context. I'm looking for something streamlined that keeps everything in one place.

Ideally, it should work across desktop and mobile, and support quick capture for tasks and notes.

Does such an app even exist?",7,34,6/4/2025 23:09,email productivity,https://reddit.com/r/productivity/comments/1l3foxm/looking_for_a_true_allinone_productivity_app/
r/productivity,What tools help you improve email productivity and how?,"Hey y'all, had some success with saas recently and as a result I'm getting a ton of customer support emails and calendar invite related messages. Just curious how you optimize your email to be more productivity, what tools you use and what features about those tools you really think makes the difference.",4,15,3/30/2025 9:00,email productivity,https://reddit.com/r/productivity/comments/1jn63f4/what_tools_help_you_improve_email_productivity/
r/NoStupidQuestions,Is there a free and reliable app to help quickly organize and clean up a Gmail account of emails?,I have 10s of thousands of unread emails. I do not want to create a new email account. Is there a good well known app or program to help with this?,1,4,11/18/2022 0:23,email organization,https://reddit.com/r/NoStupidQuestions/comments/yy3i0k/is_there_a_free_and_reliable_app_to_help_quickly/
r/NoStupidQuestions,"How do you actually manage your time and organize yourself to do work at a computer? Like, without having a feeling of dread when looking at an inbox full of 800+ unread emails?",I've never been taught how and I'm too afraid to admit that I'm a working professional with no idea how to organize my inbox and manage my time. Is there a class I missed growing up that teaches you the basics of email and time management?,1,3,4/23/2020 8:30,email organization,https://reddit.com/r/NoStupidQuestions/comments/g6h0gg/how_do_you_actually_manage_your_time_and_organize/
r/NoStupidQuestions,Too many emails and a crappy spam filter. What to do?,"I've been using GMX for pretty much all my email which wasn't a lot, but recently I played *one* android game and accidentally tapped *one* ad, and BING! ""You have 79 new messages."" Not kidding, my inbox was completely trashed in 15 seconds flat. And they keep coming.

What can I do? My spam filter is carp and I can't possibly sift through them all. A bunch of them have unsubscribe buttons but I can't *possibly* trust them on that can I? Can't I just block all addresses that are impossible to pronounce with some external filter somehow? I'm drowning here but my EVERYTHING is tied to this so I can't just throw this email out!",6,2,10/15/2015 3:43,too many emails,https://reddit.com/r/NoStupidQuestions/comments/3oso12/too_many_emails_and_a_crappy_spam_filter_what_to/
r/LifeProTips,LPT: create a Label or Flag for external mail on your company email to both organize emails and catch Phishing attempts from your IT department,"I work somewhere where our IT department is constantly sending out fake phishing emails to try and catch us off guard and prepare us for real attempts. 

&amp;#x200B;

It feels more like they are determined to just catch us for the inevitable punishment of more training. 

&amp;#x200B;

So I created a Flag in Gmail that basically puts all external emails right into a folder called EXTERNAL. Once a week I go in and just report every email in it.",4,9,10/28/2022 18:08,email organization,https://reddit.com/r/LifeProTips/comments/yfqonk/lpt_create_a_label_or_flag_for_external_mail_on/
r/LifeProTips,LPT: Have two email addresses - one for humans and one for organizations,"Organizations want your email address for marketing, and many will sell it to others, which then leads to tons of spam. There are some existing tools to help with this (Gmail's multiple inboxes, [unroll.me](https://unroll.me)), but as someone who hates having a ton of unread emails, it still takes up more time than I would like. 

Use a separate email address for all accounts. You can still log in to verify your identity/track shipping/monitor promos/pull up your order number, but it doesn't distract you from the important emails. My rule is that I only give out my ""real"" email (the one that sends alerts to my phone) to real humans. Helps me stay on top of important emails, and I can access the other one when needed.

Another option that I tried out briefly: gmail usernames ignore everything after a + and the ""."" is changeable. So if your email is [john.smith@gmail.com](mailto:john.smith@gmail.com), you can give out [j.ohnsmith@gmail.com](mailto:j.ohnsmith@gmail.com) or [john.smith+signups@gmail.com](mailto:john.smith+signups@gmail.com) and set up filters for anything sent to those emails. Ultimately I found having a separate email address was net better for just keeping it out of mind unless I needed to refer to something.",6,4,1/2/2022 19:36,email organization,https://reddit.com/r/LifeProTips/comments/rueofp/lpt_have_two_email_addresses_one_for_humans_and/
r/LifeProTips,"LPT‚Äî Google doesn't let you organize email labels/folders other than alphabetically, but you can add numbers to place them in your preferred order","A while back I got sick of having to scroll down the sidebar to find my ""University"" folder so I added numbers to float my most used labels to the top",21,4,7/12/2021 15:29,email organization,https://reddit.com/r/LifeProTips/comments/oiq9nt/lpt_google_doesnt_let_you_organize_email/
r/LifeProTips,LPT: Gmail Tip - Create an 'unsubscribe' label to easily kill junk emails in more convenient sessions. ,"It's easy to delete newsletters and ad emails because it's much faster at the time than going to the trouble to unsubscribe. Instead label junk emails 'unsubscribe' and archive them. Then, once a week take 15 min to unsubscribe to all emails labeled for that week. You will reduce your email management time significantly following this practice. ",18,2,3/6/2012 21:37,gmail tips,https://reddit.com/r/LifeProTips/comments/qkjol/lpt_gmail_tip_create_an_unsubscribe_label_to/
r/LifeProTips,"LPT: Especially if your manager is a psychopath, open your Microsoft Outlook permissions settings. Your manager may have given themselves full access to your calendar and email inbox, in which case they can monitor and change all your activities without pinging the IT department for help.","I had a manager like this.

She‚Äôd constantly check people‚Äôs email folders. If she didn‚Äôt like you and you had more than like five unread emails, she‚Äôd ping everyone, asking them to create a paper trail saying that you‚Äôre unresponsive to your emails.

She‚Äôd also use these privileges to make sure you never said anything she didn‚Äôt like.

And of course: to monitor your calendar and to make sure everyone (especially the employees she hated for no reason) was dutifully working while she‚Äôd leave the office to go do whatever she wanted all day.

The least you can do is know that your manager is snooping.",27,5,1/18/2023 21:16,inbox management,https://reddit.com/r/LifeProTips/comments/10ffy00/lpt_especially_if_your_manager_is_a_psychopath/
r/LifeProTips,"LPT: Use email rules to make your inbox more manageable, for example marking files with large attachments so you know what to delete first, flag emails with security notifications so you don't miss if your account is hacked, and just generally filter repetitive emails from services you use","In my previous job, I was the guy with the tidiest inbox, and would help other people setup a few rules (especially the older folks), and they really appreciated it.

I quit recently, and my Gmail inbox was a mess, especially after I signed up for a few newsletters.

So I did some thinking about the best rules I can use, stuff like:

* Marking large emails with the label ""&gt;10MB""
* Marking emails from eBay and Amazon with ""e-com"" labels
* Marking emails with keywords of newsletters and promotions as ""Newsletter | Promotion"" and making them skip the inbox

Put some of these rules in your inbox - it'll make it much easier to handle, especially if you're trying to get to ""Inbox Zero""",9,1,5/24/2022 19:00,inbox management,https://reddit.com/r/LifeProTips/comments/uwu6st/lpt_use_email_rules_to_make_your_inbox_more/
r/LifeProTips,"LPT: Schedule outlook emails to send later, and other email management tips","Outlook is full of weird ways to change how your email inbox and outbox functions. Learned these from my corporate consultant BIL. 

1) want to seem like you logged on at 8am? Have an email you need to send that isn't urgent? When you type a new email, go to the options tab. From there, you can click delay delivery and set it to the next morning at 8am. Or any time, like if you said you were gonna work late but don't want to, schedule the email to send at 730pm.

2) Struggling to send complete emails or keep forgetting attachments? Worried you're going to send ""I'm worried""? You can create a rule that delays sending all emails for 2 minutes to anyone outside your organization, or all emails but those on your immediate team. This helps with that split second realization of - crap I never included that link. 

3) Do you feel like you're constantly sending the same email over again? Do you often find yourself typing the same format over and over? You can create a ""Quick Parts"" with a full template to insert into any email, complete with formatting. 

4) Have multiple projects that all the emails seem to blend together? Create a rule to move all emails from that project into its own folder. This can be done with people from certain emails, such as from a sub contractor, or with keywords in the titles, or if an email was sent to a collection of people. 

5) get a shit ton of CCs that don't really concern you? You can create a rule that separates when someone includes you on an email vs when someone sends the email directly to you. 

6) flag messages from certain people using rules, so that you can always know when your boss sends you an email and you can get alerted. Outlook already has a default folder set for any flagged items that you can then unflag and it will check off the item as completed. 

Those are the biggest ones that I use in my every day inbox and that I think are wildly useful. You can access the rules by going to File and clicking on ""rules and alerts"" below mailbox settings. 

Let me know if you implement any of these into your email habits!",35,12,4/12/2021 18:08,inbox management,https://reddit.com/r/LifeProTips/comments/mpfts2/lpt_schedule_outlook_emails_to_send_later_and/
r/techsupport,Preferred GMail addon to organize mail,Does anyone have an addon to organize Gmail that they just couldn't live without?   Many thanks for your thoughts!,2,0,6/18/2019 1:57,gmail organization,https://reddit.com/r/techsupport/comments/c1ugkm/preferred_gmail_addon_to_organize_mail/
